[{"week":"Week 37 2017","Kwadraat A":0,"Kwadraat B":0,"Kwadraat C":0,"Kwadraat D":0},{"week":"Week 38 2017","Kwadraat A":0,"Kwadraat B":2,"Kwadraat C":0,"Kwadraat D":3},{"week":"Week 39 2017","Kwadraat A":19,"Kwadraat B":11,"Kwadraat C":0,"Kwadraat D":5},{"week":"Week 40 2017","Kwadraat A":0,"Kwadraat B":0,"Kwadraat C":0,"Kwadraat D":0},{"week":"Week 41 2017","Kwadraat A":68,"Kwadraat B":0,"Kwadraat C":0,"Kwadraat D":7},{"week":"Week 42 2017","Kwadraat A":0,"Kwadraat B":4,"Kwadraat C":0,"Kwadraat D":23},{"week":"Week 43 2017","Kwadraat A":0,"Kwadraat B":0,"Kwadraat C":0,"Kwadraat D":0},{"week":"Week 44 2017","Kwadraat A":0,"Kwadraat B":0,"Kwadraat C":0,"Kwadraat D":0}]